campaign_id,sku_id,date,spend,impressions,clicks,conversions,cpc,ctr,conv_rate
CAM_21007,SKU_SHOES_9083792720088,2025-12-28,432.53,2100,68,1,6.36,3.24,1.47
CAM_21007,SKU_SHOES_9083792720088,2025-12-27,409.12,1987,64,1,6.39,3.22,1.56
CAM_21007,SKU_SHOES_9083792720088,2025-12-26,445.38,2163,70,2,6.36,3.24,2.86
CAM_21007,SKU_SHOES_9083792720088,2025-12-25,478.23,2322,75,2,6.38,3.23,2.67
CAM_21007,SKU_SHOES_9083792720088,2025-12-24,344.54,1673,54,1,6.38,3.23,1.85
CAM_21007,SKU_SHOES_9083792720088,2025-12-23,312.26,1516,49,1,6.37,3.23,2.04
CAM_21007,SKU_SHOES_9083792720088,2025-12-22,424.39,2061,67,1,6.33,3.25,1.49
CAM_21007,SKU_SHOES_9083792720088,2025-12-21,545.77,2650,86,2,6.35,3.25,2.33
CAM_21007,SKU_SHOES_9083792720088,2025-12-20,342.83,1665,54,1,6.35,3.24,1.85
CAM_21007,SKU_SHOES_9083792720088,2025-12-19,452.65,2198,71,2,6.38,3.23,2.82
CAM_21007,SKU_SHOES_9083792720088,2025-12-18,332.5,1614,52,1,6.39,3.22,1.92
CAM_21007,SKU_SHOES_9083792720088,2025-12-17,443.03,2151,70,2,6.33,3.25,2.86
CAM_21007,SKU_SHOES_9083792720088,2025-12-16,387.18,1880,61,1,6.35,3.24,1.64
CAM_21007,SKU_SHOES_9083792720088,2025-12-15,301.6,1464,47,1,6.42,3.21,2.13
CAM_21007,SKU_SHOES_9083792720088,2025-12-14,590.29,2867,93,2,6.35,3.24,2.15
CAM_21007,SKU_SHOES_9083792720088,2025-12-13,359.55,1746,57,1,6.31,3.26,1.75
CAM_21007,SKU_SHOES_9083792720088,2025-12-12,420.05,2040,66,1,6.36,3.24,1.52
CAM_21007,SKU_SHOES_9083792720088,2025-12-11,354.44,1721,56,1,6.33,3.25,1.79
CAM_21007,SKU_SHOES_9083792720088,2025-12-10,435.82,2116,69,1,6.32,3.26,1.45
CAM_21007,SKU_SHOES_9083792720088,2025-12-09,331.86,1611,52,1,6.38,3.23,1.92
CAM_21007,SKU_SHOES_9083792720088,2025-12-08,427.87,2078,67,1,6.39,3.22,1.49
CAM_21007,SKU_SHOES_9083792720088,2025-12-07,512.48,2489,81,2,6.33,3.25,2.47
CAM_21007,SKU_SHOES_9083792720088,2025-12-06,464.49,2256,73,2,6.36,3.24,2.74
CAM_21007,SKU_SHOES_9083792720088,2025-12-05,289.35,1405,45,1,6.43,3.2,2.22
CAM_21007,SKU_SHOES_9083792720088,2025-12-04,405.44,1969,64,1,6.33,3.25,1.56
CAM_21007,SKU_SHOES_9083792720088,2025-12-03,520.08,2526,82,2,6.34,3.25,2.44
CAM_21007,SKU_SHOES_9083792720088,2025-12-02,426.25,2070,67,1,6.36,3.24,1.49
CAM_21007,SKU_SHOES_9083792720088,2025-12-01,351.37,1706,55,1,6.39,3.22,1.82
CAM_21007,SKU_SHOES_9083792720088,2025-11-30,486.45,2362,77,2,6.32,3.26,2.6
CAM_21007,SKU_SHOES_9083792720088,2025-11-29,305.04,1481,48,1,6.35,3.24,2.08
CAM_47300,SKU_SHOES_9083792720088,2025-12-28,568.62,1203,71,3,8.01,5.9,4.23
CAM_47300,SKU_SHOES_9083792720088,2025-12-27,667.13,1411,83,4,8.04,5.88,4.82
CAM_47300,SKU_SHOES_9083792720088,2025-12-26,582.72,1232,73,3,7.98,5.93,4.11
CAM_47300,SKU_SHOES_9083792720088,2025-12-25,474.57,1004,59,3,8.04,5.88,5.08
CAM_47300,SKU_SHOES_9083792720088,2025-12-24,410.05,867,51,2,8.04,5.88,3.92
CAM_47300,SKU_SHOES_9083792720088,2025-12-23,375.83,795,47,2,8.0,5.91,4.26
CAM_47300,SKU_SHOES_9083792720088,2025-12-22,575.36,1217,72,3,7.99,5.92,4.17
CAM_47300,SKU_SHOES_9083792720088,2025-12-21,446.09,943,56,3,7.97,5.94,5.36
CAM_47300,SKU_SHOES_9083792720088,2025-12-20,609.05,1288,76,4,8.01,5.9,5.26
CAM_47300,SKU_SHOES_9083792720088,2025-12-19,463.5,980,58,3,7.99,5.92,5.17
CAM_47300,SKU_SHOES_9083792720088,2025-12-18,343.7,727,43,2,7.99,5.91,4.65
CAM_47300,SKU_SHOES_9083792720088,2025-12-17,427.67,904,53,2,8.07,5.86,3.77
CAM_47300,SKU_SHOES_9083792720088,2025-12-16,429.37,908,53,2,8.1,5.84,3.77
CAM_47300,SKU_SHOES_9083792720088,2025-12-15,361.13,764,45,2,8.03,5.89,4.44
CAM_47300,SKU_SHOES_9083792720088,2025-12-14,506.6,1071,63,3,8.04,5.88,4.76
CAM_47300,SKU_SHOES_9083792720088,2025-12-13,463.67,980,58,3,7.99,5.92,5.17
CAM_47300,SKU_SHOES_9083792720088,2025-12-12,388.42,821,48,2,8.09,5.85,4.17
CAM_47300,SKU_SHOES_9083792720088,2025-12-11,351.65,743,44,2,7.99,5.92,4.55
CAM_47300,SKU_SHOES_9083792720088,2025-12-10,416.3,880,52,2,8.01,5.91,3.85
CAM_47300,SKU_SHOES_9083792720088,2025-12-09,421.05,890,52,2,8.1,5.84,3.85
CAM_47300,SKU_SHOES_9083792720088,2025-12-08,385.59,815,48,2,8.03,5.89,4.17
CAM_47300,SKU_SHOES_9083792720088,2025-12-07,609.03,1288,76,4,8.01,5.9,5.26
CAM_47300,SKU_SHOES_9083792720088,2025-12-06,629.9,1332,79,4,7.97,5.93,5.06
CAM_47300,SKU_SHOES_9083792720088,2025-12-05,578.79,1224,72,3,8.04,5.88,4.17
CAM_47300,SKU_SHOES_9083792720088,2025-12-04,538.91,1140,67,3,8.04,5.88,4.48
CAM_47300,SKU_SHOES_9083792720088,2025-12-03,421.57,891,52,2,8.11,5.84,3.85
CAM_47300,SKU_SHOES_9083792720088,2025-12-02,466.37,986,58,3,8.04,5.88,5.17
CAM_47300,SKU_SHOES_9083792720088,2025-12-01,348.6,737,43,2,8.11,5.83,4.65
CAM_47300,SKU_SHOES_9083792720088,2025-11-30,626.41,1325,78,4,8.03,5.89,5.13
CAM_47300,SKU_SHOES_9083792720088,2025-11-29,568.95,1203,71,3,8.01,5.9,4.23
CAM_77389,SKU_SHOES_9083792720088,2025-12-28,368.73,287,28,2,13.17,9.76,7.14
CAM_77389,SKU_SHOES_9083792720088,2025-12-27,378.41,295,28,2,13.51,9.49,7.14
CAM_77389,SKU_SHOES_9083792720088,2025-12-26,417.85,326,31,3,13.48,9.51,9.68
CAM_77389,SKU_SHOES_9083792720088,2025-12-25,325.67,254,24,2,13.57,9.45,8.33
CAM_77389,SKU_SHOES_9083792720088,2025-12-24,321.05,250,24,2,13.38,9.6,8.33
CAM_77389,SKU_SHOES_9083792720088,2025-12-23,334.69,261,25,2,13.39,9.58,8.0
CAM_77389,SKU_SHOES_9083792720088,2025-12-22,259.55,202,19,1,13.66,9.41,5.26
CAM_77389,SKU_SHOES_9083792720088,2025-12-21,486.95,380,37,3,13.16,9.74,8.11
CAM_77389,SKU_SHOES_9083792720088,2025-12-20,348.25,271,26,2,13.39,9.59,7.69
CAM_77389,SKU_SHOES_9083792720088,2025-12-19,249.57,194,19,1,13.14,9.79,5.26
CAM_77389,SKU_SHOES_9083792720088,2025-12-18,260.99,203,19,1,13.74,9.36,5.26
CAM_77389,SKU_SHOES_9083792720088,2025-12-17,277.37,216,21,2,13.21,9.72,9.52
CAM_77389,SKU_SHOES_9083792720088,2025-12-16,301.99,235,23,2,13.13,9.79,8.7
CAM_77389,SKU_SHOES_9083792720088,2025-12-15,346.34,270,26,2,13.32,9.63,7.69
CAM_77389,SKU_SHOES_9083792720088,2025-12-14,310.43,242,23,2,13.5,9.5,8.7
CAM_77389,SKU_SHOES_9083792720088,2025-12-13,382.11,298,29,2,13.18,9.73,6.9
CAM_77389,SKU_SHOES_9083792720088,2025-12-12,371.51,289,28,2,13.27,9.69,7.14
CAM_77389,SKU_SHOES_9083792720088,2025-12-11,338.99,264,25,2,13.56,9.47,8.0
CAM_77389,SKU_SHOES_9083792720088,2025-12-10,384.88,300,29,2,13.27,9.67,6.9
CAM_77389,SKU_SHOES_9083792720088,2025-12-09,291.08,227,22,2,13.23,9.69,9.09
CAM_77389,SKU_SHOES_9083792720088,2025-12-08,312.5,243,23,2,13.59,9.47,8.7
CAM_77389,SKU_SHOES_9083792720088,2025-12-07,439.33,342,33,3,13.31,9.65,9.09
CAM_77389,SKU_SHOES_9083792720088,2025-12-06,273.13,213,20,2,13.66,9.39,10.0
CAM_77389,SKU_SHOES_9083792720088,2025-12-05,403.05,314,30,2,13.44,9.55,6.67
CAM_77389,SKU_SHOES_9083792720088,2025-12-04,345.07,269,26,2,13.27,9.67,7.69
CAM_77389,SKU_SHOES_9083792720088,2025-12-03,438.99,342,33,3,13.3,9.65,9.09
CAM_77389,SKU_SHOES_9083792720088,2025-12-02,328.37,256,25,2,13.13,9.77,8.0
CAM_77389,SKU_SHOES_9083792720088,2025-12-01,336.46,262,25,2,13.46,9.54,8.0
CAM_77389,SKU_SHOES_9083792720088,2025-11-30,389.83,304,29,2,13.44,9.54,6.9
CAM_77389,SKU_SHOES_9083792720088,2025-11-29,303.9,237,23,2,13.21,9.7,8.7
CAM_89218,SKU_SHOES_9083792785624,2025-12-28,224.52,372,17,1,13.21,4.57,5.88
CAM_89218,SKU_SHOES_9083792785624,2025-12-27,366.41,607,28,1,13.09,4.61,3.57
CAM_89218,SKU_SHOES_9083792785624,2025-12-26,256.55,425,20,1,12.83,4.71,5.0
CAM_89218,SKU_SHOES_9083792785624,2025-12-25,339.37,563,26,1,13.05,4.62,3.85
CAM_89218,SKU_SHOES_9083792785624,2025-12-24,300.04,497,23,1,13.05,4.63,4.35
CAM_89218,SKU_SHOES_9083792785624,2025-12-23,291.36,483,22,1,13.24,4.55,4.55
CAM_89218,SKU_SHOES_9083792785624,2025-12-22,227.0,376,17,1,13.35,4.52,5.88
CAM_89218,SKU_SHOES_9083792785624,2025-12-21,357.55,593,27,1,13.24,4.55,3.7
CAM_89218,SKU_SHOES_9083792785624,2025-12-20,389.53,646,30,1,12.98,4.64,3.33
CAM_89218,SKU_SHOES_9083792785624,2025-12-19,347.61,576,27,1,12.87,4.69,3.7
CAM_89218,SKU_SHOES_9083792785624,2025-12-18,264.58,438,20,1,13.23,4.57,5.0
CAM_89218,SKU_SHOES_9083792785624,2025-12-17,307.55,510,23,1,13.37,4.51,4.35
CAM_89218,SKU_SHOES_9083792785624,2025-12-16,313.97,520,24,1,13.08,4.62,4.17
CAM_89218,SKU_SHOES_9083792785624,2025-12-15,338.22,561,26,1,13.01,4.63,3.85
CAM_89218,SKU_SHOES_9083792785624,2025-12-14,228.51,379,17,1,13.44,4.49,5.88
CAM_89218,SKU_SHOES_9083792785624,2025-12-13,261.53,433,20,1,13.08,4.62,5.0
CAM_89218,SKU_SHOES_9083792785624,2025-12-12,219.05,363,17,1,12.89,4.68,5.88
CAM_89218,SKU_SHOES_9083792785624,2025-12-11,318.97,529,24,1,13.29,4.54,4.17
CAM_89218,SKU_SHOES_9083792785624,2025-12-10,351.41,583,27,1,13.02,4.63,3.7
CAM_89218,SKU_SHOES_9083792785624,2025-12-09,236.33,392,18,1,13.13,4.59,5.56
CAM_89218,SKU_SHOES_9083792785624,2025-12-08,352.59,584,27,1,13.06,4.62,3.7
CAM_89218,SKU_SHOES_9083792785624,2025-12-07,401.52,666,31,1,12.95,4.65,3.23
CAM_89218,SKU_SHOES_9083792785624,2025-12-06,339.8,563,26,1,13.07,4.62,3.85
CAM_89218,SKU_SHOES_9083792785624,2025-12-05,334.45,554,26,1,12.86,4.69,3.85
CAM_89218,SKU_SHOES_9083792785624,2025-12-04,328.18,544,25,1,13.13,4.6,4.0
CAM_89218,SKU_SHOES_9083792785624,2025-12-03,279.88,464,21,1,13.33,4.53,4.76
CAM_89218,SKU_SHOES_9083792785624,2025-12-02,266.55,442,20,1,13.33,4.52,5.0
CAM_89218,SKU_SHOES_9083792785624,2025-12-01,278.05,461,21,1,13.24,4.56,4.76
CAM_89218,SKU_SHOES_9083792785624,2025-11-30,318.41,528,24,1,13.27,4.55,4.17
CAM_89218,SKU_SHOES_9083792785624,2025-11-29,279.99,464,21,1,13.33,4.53,4.76
CAM_98310,SKU_SHOES_9083792654552,2025-12-28,289.93,675,21,2,13.81,3.11,9.52
CAM_98310,SKU_SHOES_9083792654552,2025-12-27,159.24,370,11,1,14.48,2.97,9.09
CAM_98310,SKU_SHOES_9083792654552,2025-12-26,220.21,512,16,1,13.76,3.12,6.25
CAM_98310,SKU_SHOES_9083792654552,2025-12-25,202.0,470,15,1,13.47,3.19,6.67
CAM_98310,SKU_SHOES_9083792654552,2025-12-24,200.89,467,14,1,14.35,3.0,7.14
CAM_98310,SKU_SHOES_9083792654552,2025-12-23,154.19,359,11,1,14.02,3.06,9.09
CAM_98310,SKU_SHOES_9083792654552,2025-12-22,216.44,504,16,1,13.53,3.17,6.25
CAM_98310,SKU_SHOES_9083792654552,2025-12-21,284.99,663,21,2,13.57,3.17,9.52
CAM_98310,SKU_SHOES_9083792654552,2025-12-20,242.67,565,18,1,13.48,3.19,5.56
CAM_98310,SKU_SHOES_9083792654552,2025-12-19,160.94,374,11,1,14.63,2.94,9.09
CAM_98310,SKU_SHOES_9083792654552,2025-12-18,181.87,423,13,1,13.99,3.07,7.69
CAM_98310,SKU_SHOES_9083792654552,2025-12-17,262.13,610,19,1,13.8,3.11,5.26
CAM_98310,SKU_SHOES_9083792654552,2025-12-16,229.12,533,17,1,13.48,3.19,5.88
CAM_98310,SKU_SHOES_9083792654552,2025-12-15,246.77,574,18,1,13.71,3.14,5.56
CAM_98310,SKU_SHOES_9083792654552,2025-12-14,264.62,616,19,1,13.93,3.08,5.26
CAM_98310,SKU_SHOES_9083792654552,2025-12-13,289.93,675,21,2,13.81,3.11,9.52
CAM_98310,SKU_SHOES_9083792654552,2025-12-12,194.35,452,14,1,13.88,3.1,7.14
CAM_98310,SKU_SHOES_9083792654552,2025-12-11,264.38,615,19,1,13.91,3.09,5.26
CAM_98310,SKU_SHOES_9083792654552,2025-12-10,223.97,521,16,1,14.0,3.07,6.25
CAM_98310,SKU_SHOES_9083792654552,2025-12-09,248.1,577,18,1,13.78,3.12,5.56
CAM_98310,SKU_SHOES_9083792654552,2025-12-08,207.83,483,15,1,13.86,3.11,6.67
CAM_98310,SKU_SHOES_9083792654552,2025-12-07,290.74,677,21,2,13.84,3.1,9.52
CAM_98310,SKU_SHOES_9083792654552,2025-12-06,183.67,427,13,1,14.13,3.04,7.69
CAM_98310,SKU_SHOES_9083792654552,2025-12-05,209.14,487,15,1,13.94,3.08,6.67
CAM_98310,SKU_SHOES_9083792654552,2025-12-04,265.73,618,19,1,13.99,3.07,5.26
CAM_98310,SKU_SHOES_9083792654552,2025-12-03,208.82,486,15,1,13.92,3.09,6.67
CAM_98310,SKU_SHOES_9083792654552,2025-12-02,210.03,489,15,1,14.0,3.07,6.67
CAM_98310,SKU_SHOES_9083792654552,2025-12-01,270.58,630,20,2,13.53,3.17,10.0
CAM_98310,SKU_SHOES_9083792654552,2025-11-30,263.4,613,19,1,13.86,3.1,5.26
CAM_98310,SKU_SHOES_9083792654552,2025-11-29,219.53,511,16,1,13.72,3.13,6.25
CAM_35770,SKU_SHOES_9083792654552,2025-12-28,224.35,1034,49,1,4.58,4.74,2.04
CAM_35770,SKU_SHOES_9083792654552,2025-12-27,316.04,1457,70,1,4.51,4.8,1.43
CAM_35770,SKU_SHOES_9083792654552,2025-12-26,308.82,1424,68,1,4.54,4.78,1.47
CAM_35770,SKU_SHOES_9083792654552,2025-12-25,200.22,923,44,0,4.55,4.77,0.0
CAM_35770,SKU_SHOES_9083792654552,2025-12-24,290.94,1342,64,1,4.55,4.77,1.56
CAM_35770,SKU_SHOES_9083792654552,2025-12-23,226.17,1043,50,1,4.52,4.79,2.0
CAM_35770,SKU_SHOES_9083792654552,2025-12-22,221.79,1023,49,1,4.53,4.79,2.04
CAM_35770,SKU_SHOES_9083792654552,2025-12-21,316.95,1462,70,1,4.53,4.79,1.43
CAM_35770,SKU_SHOES_9083792654552,2025-12-20,221.46,1021,49,1,4.52,4.8,2.04
CAM_35770,SKU_SHOES_9083792654552,2025-12-19,303.54,1400,67,1,4.53,4.79,1.49
CAM_35770,SKU_SHOES_9083792654552,2025-12-18,207.79,958,46,0,4.52,4.8,0.0
CAM_35770,SKU_SHOES_9083792654552,2025-12-17,333.94,1540,74,1,4.51,4.81,1.35
CAM_35770,SKU_SHOES_9083792654552,2025-12-16,234.83,1083,52,1,4.52,4.8,1.92
CAM_35770,SKU_SHOES_9083792654552,2025-12-15,197.01,908,43,0,4.58,4.74,0.0
CAM_35770,SKU_SHOES_9083792654552,2025-12-14,247.8,1143,55,1,4.51,4.81,1.82
CAM_35770,SKU_SHOES_9083792654552,2025-12-13,320.41,1478,71,1,4.51,4.8,1.41
CAM_35770,SKU_SHOES_9083792654552,2025-12-12,232.98,1074,51,1,4.57,4.75,1.96
CAM_35770,SKU_SHOES_9083792654552,2025-12-11,300.88,1388,66,1,4.56,4.76,1.52
CAM_35770,SKU_SHOES_9083792654552,2025-12-10,220.79,1018,49,1,4.51,4.81,2.04
CAM_35770,SKU_SHOES_9083792654552,2025-12-09,316.68,1460,70,1,4.52,4.79,1.43
CAM_35770,SKU_SHOES_9083792654552,2025-12-08,225.51,1040,50,1,4.51,4.81,2.0
CAM_35770,SKU_SHOES_9083792654552,2025-12-07,262.66,1211,58,1,4.53,4.79,1.72
CAM_35770,SKU_SHOES_9083792654552,2025-12-06,319.78,1475,70,1,4.57,4.75,1.43
CAM_35770,SKU_SHOES_9083792654552,2025-12-05,240.46,1109,53,1,4.54,4.78,1.89
CAM_35770,SKU_SHOES_9083792654552,2025-12-04,322.44,1487,71,1,4.54,4.77,1.41
CAM_35770,SKU_SHOES_9083792654552,2025-12-03,224.56,1035,49,1,4.58,4.73,2.04
CAM_35770,SKU_SHOES_9083792654552,2025-12-02,305.0,1407,67,1,4.55,4.76,1.49
CAM_35770,SKU_SHOES_9083792654552,2025-12-01,197.1,909,43,0,4.58,4.73,0.0
CAM_35770,SKU_SHOES_9083792654552,2025-11-30,330.67,1525,73,1,4.53,4.79,1.37
CAM_35770,SKU_SHOES_9083792654552,2025-11-29,261.82,1207,58,1,4.51,4.81,1.72
CAM_54473,SKU_SHOES_9083792687320,2025-12-28,617.87,381,37,2,16.7,9.71,5.41
CAM_54473,SKU_SHOES_9083792687320,2025-12-27,563.45,347,34,2,16.57,9.8,5.88
CAM_54473,SKU_SHOES_9083792687320,2025-12-26,434.36,268,26,1,16.71,9.7,3.85
CAM_54473,SKU_SHOES_9083792687320,2025-12-25,527.2,325,32,2,16.48,9.85,6.25
CAM_54473,SKU_SHOES_9083792687320,2025-12-24,722.65,446,44,3,16.42,9.87,6.82
CAM_54473,SKU_SHOES_9083792687320,2025-12-23,521.24,321,32,2,16.29,9.97,6.25
CAM_54473,SKU_SHOES_9083792687320,2025-12-22,771.72,476,47,3,16.42,9.87,6.38
CAM_54473,SKU_SHOES_9083792687320,2025-12-21,515.64,318,31,2,16.63,9.75,6.45
CAM_54473,SKU_SHOES_9083792687320,2025-12-20,565.54,349,34,2,16.63,9.74,5.88
CAM_54473,SKU_SHOES_9083792687320,2025-12-19,614.62,379,37,2,16.61,9.76,5.41
CAM_54473,SKU_SHOES_9083792687320,2025-12-18,665.53,411,40,2,16.64,9.73,5.0
CAM_54473,SKU_SHOES_9083792687320,2025-12-17,743.25,459,45,3,16.52,9.8,6.67
CAM_54473,SKU_SHOES_9083792687320,2025-12-16,441.51,272,27,1,16.35,9.93,3.7
CAM_54473,SKU_SHOES_9083792687320,2025-12-15,547.29,337,33,2,16.58,9.79,6.06
CAM_54473,SKU_SHOES_9083792687320,2025-12-14,767.29,473,47,3,16.33,9.94,6.38
CAM_54473,SKU_SHOES_9083792687320,2025-12-13,536.46,331,32,2,16.76,9.67,6.25
CAM_54473,SKU_SHOES_9083792687320,2025-12-12,751.79,464,46,3,16.34,9.91,6.52
CAM_54473,SKU_SHOES_9083792687320,2025-12-11,580.07,358,35,2,16.57,9.78,5.71
CAM_54473,SKU_SHOES_9083792687320,2025-12-10,778.66,480,47,3,16.57,9.79,6.38
CAM_54473,SKU_SHOES_9083792687320,2025-12-09,577.21,356,35,2,16.49,9.83,5.71
CAM_54473,SKU_SHOES_9083792687320,2025-12-08,537.81,332,33,2,16.3,9.94,6.06
CAM_54473,SKU_SHOES_9083792687320,2025-12-07,699.39,431,42,3,16.65,9.74,7.14
CAM_54473,SKU_SHOES_9083792687320,2025-12-06,795.63,491,48,3,16.58,9.78,6.25
CAM_54473,SKU_SHOES_9083792687320,2025-12-05,538.71,332,33,2,16.32,9.94,6.06
CAM_54473,SKU_SHOES_9083792687320,2025-12-04,633.69,391,38,2,16.68,9.72,5.26
CAM_54473,SKU_SHOES_9083792687320,2025-12-03,658.46,406,40,2,16.46,9.85,5.0
CAM_54473,SKU_SHOES_9083792687320,2025-12-02,542.35,334,33,2,16.43,9.88,6.06
CAM_54473,SKU_SHOES_9083792687320,2025-12-01,621.5,383,38,2,16.36,9.92,5.26
CAM_54473,SKU_SHOES_9083792687320,2025-11-30,544.08,336,33,2,16.49,9.82,6.06
CAM_54473,SKU_SHOES_9083792687320,2025-11-29,490.25,302,30,2,16.34,9.93,6.67
CAM_43380,SKU_SHOES_9083792687320,2025-12-28,1368.17,3175,204,5,6.71,6.43,2.45
CAM_43380,SKU_SHOES_9083792687320,2025-12-27,1112.74,2582,166,4,6.7,6.43,2.41
CAM_43380,SKU_SHOES_9083792687320,2025-12-26,897.95,2084,134,3,6.7,6.43,2.24
CAM_43380,SKU_SHOES_9083792687320,2025-12-25,1079.93,2506,161,4,6.71,6.42,2.48
CAM_43380,SKU_SHOES_9083792687320,2025-12-24,1084.73,2517,162,4,6.7,6.44,2.47
CAM_43380,SKU_SHOES_9083792687320,2025-12-23,1054.07,2446,157,4,6.71,6.42,2.55
CAM_43380,SKU_SHOES_9083792687320,2025-12-22,1464.89,3400,219,6,6.69,6.44,2.74
CAM_43380,SKU_SHOES_9083792687320,2025-12-21,1655.66,3843,247,7,6.7,6.43,2.83
CAM_43380,SKU_SHOES_9083792687320,2025-12-20,1004.71,2332,150,4,6.7,6.43,2.67
CAM_43380,SKU_SHOES_9083792687320,2025-12-19,1026.29,2382,153,4,6.71,6.42,2.61
CAM_43380,SKU_SHOES_9083792687320,2025-12-18,1541.41,3577,230,6,6.7,6.43,2.61
CAM_43380,SKU_SHOES_9083792687320,2025-12-17,1402.23,3254,209,6,6.71,6.42,2.87
CAM_43380,SKU_SHOES_9083792687320,2025-12-16,1024.99,2379,153,4,6.7,6.43,2.61
CAM_43380,SKU_SHOES_9083792687320,2025-12-15,1301.85,3021,194,5,6.71,6.42,2.58
CAM_43380,SKU_SHOES_9083792687320,2025-12-14,1387.94,3221,207,6,6.71,6.43,2.9
CAM_43380,SKU_SHOES_9083792687320,2025-12-13,1272.82,2954,190,5,6.7,6.43,2.63
CAM_43380,SKU_SHOES_9083792687320,2025-12-12,1094.43,2540,163,4,6.71,6.42,2.45
CAM_43380,SKU_SHOES_9083792687320,2025-12-11,1590.48,3691,237,6,6.71,6.42,2.53
CAM_43380,SKU_SHOES_9083792687320,2025-12-10,903.72,2097,135,3,6.69,6.44,2.22
CAM_43380,SKU_SHOES_9083792687320,2025-12-09,1390.65,3227,208,6,6.69,6.45,2.88
CAM_43380,SKU_SHOES_9083792687320,2025-12-08,1153.66,2677,172,5,6.71,6.43,2.91
CAM_43380,SKU_SHOES_9083792687320,2025-12-07,1042.97,2420,156,4,6.69,6.45,2.56
CAM_43380,SKU_SHOES_9083792687320,2025-12-06,1469.57,3411,219,6,6.71,6.42,2.74
CAM_43380,SKU_SHOES_9083792687320,2025-12-05,1141.0,2648,170,4,6.71,6.42,2.35
CAM_43380,SKU_SHOES_9083792687320,2025-12-04,993.49,2306,148,4,6.71,6.42,2.7
CAM_43380,SKU_SHOES_9083792687320,2025-12-03,905.57,2101,135,3,6.71,6.43,2.22
CAM_43380,SKU_SHOES_9083792687320,2025-12-02,971.31,2254,145,4,6.7,6.43,2.76
CAM_43380,SKU_SHOES_9083792687320,2025-12-01,1269.32,2946,189,5,6.72,6.42,2.65
CAM_43380,SKU_SHOES_9083792687320,2025-11-30,1315.01,3052,196,5,6.71,6.42,2.55
CAM_43380,SKU_SHOES_9083792687320,2025-11-29,1086.25,2521,162,4,6.71,6.43,2.47
CAM_37527,SKU_SHOES_9083792752856,2025-12-28,1379.25,2471,117,2,11.79,4.73,1.71
CAM_37527,SKU_SHOES_9083792752856,2025-12-27,1104.34,1978,94,2,11.75,4.75,2.13
CAM_37527,SKU_SHOES_9083792752856,2025-12-26,1152.38,2065,98,2,11.76,4.75,2.04
CAM_37527,SKU_SHOES_9083792752856,2025-12-25,1305.97,2340,111,2,11.77,4.74,1.8
CAM_37527,SKU_SHOES_9083792752856,2025-12-24,1573.89,2820,134,2,11.75,4.75,1.49
CAM_37527,SKU_SHOES_9083792752856,2025-12-23,1537.72,2755,131,2,11.74,4.75,1.53
CAM_37527,SKU_SHOES_9083792752856,2025-12-22,1191.87,2135,101,2,11.8,4.73,1.98
CAM_37527,SKU_SHOES_9083792752856,2025-12-21,1379.57,2472,117,2,11.79,4.73,1.71
CAM_37527,SKU_SHOES_9083792752856,2025-12-20,1292.49,2316,110,2,11.75,4.75,1.82
CAM_37527,SKU_SHOES_9083792752856,2025-12-19,1552.62,2782,132,2,11.76,4.74,1.52
CAM_37527,SKU_SHOES_9083792752856,2025-12-18,1362.86,2442,116,2,11.75,4.75,1.72
CAM_37527,SKU_SHOES_9083792752856,2025-12-17,1413.34,2532,120,2,11.78,4.74,1.67
CAM_37527,SKU_SHOES_9083792752856,2025-12-16,1372.28,2459,116,2,11.83,4.72,1.72
CAM_37527,SKU_SHOES_9083792752856,2025-12-15,1255.09,2249,106,2,11.84,4.71,1.89
CAM_37527,SKU_SHOES_9083792752856,2025-12-14,1346.94,2413,114,2,11.82,4.72,1.75
CAM_37527,SKU_SHOES_9083792752856,2025-12-13,1451.33,2600,123,2,11.8,4.73,1.63
CAM_37527,SKU_SHOES_9083792752856,2025-12-12,1533.77,2748,130,2,11.8,4.73,1.54
CAM_37527,SKU_SHOES_9083792752856,2025-12-11,969.49,1737,82,1,11.82,4.72,1.22
CAM_37527,SKU_SHOES_9083792752856,2025-12-10,1359.14,2435,115,2,11.82,4.72,1.74
CAM_37527,SKU_SHOES_9083792752856,2025-12-09,1291.02,2313,109,2,11.84,4.71,1.83
CAM_37527,SKU_SHOES_9083792752856,2025-12-08,1484.96,2660,126,2,11.79,4.74,1.59
CAM_37527,SKU_SHOES_9083792752856,2025-12-07,904.54,1620,77,1,11.75,4.75,1.3
CAM_37527,SKU_SHOES_9083792752856,2025-12-06,1214.59,2176,103,2,11.79,4.73,1.94
CAM_37527,SKU_SHOES_9083792752856,2025-12-05,1262.83,2262,107,2,11.8,4.73,1.87
CAM_37527,SKU_SHOES_9083792752856,2025-12-04,981.67,1759,83,1,11.83,4.72,1.2
CAM_37527,SKU_SHOES_9083792752856,2025-12-03,1007.33,1805,85,1,11.85,4.71,1.18
CAM_37527,SKU_SHOES_9083792752856,2025-12-02,1326.9,2377,113,2,11.74,4.75,1.77
CAM_37527,SKU_SHOES_9083792752856,2025-12-01,1338.2,2397,114,2,11.74,4.76,1.75
CAM_37527,SKU_SHOES_9083792752856,2025-11-30,1774.36,3179,151,3,11.75,4.75,1.99
CAM_37527,SKU_SHOES_9083792752856,2025-11-29,1625.88,2913,138,3,11.78,4.74,2.17
CAM_50344,SKU_SHOES_9083792752856,2025-12-28,388.07,541,26,2,14.93,4.81,7.69
CAM_50344,SKU_SHOES_9083792752856,2025-12-27,383.46,535,26,2,14.75,4.86,7.69
CAM_50344,SKU_SHOES_9083792752856,2025-12-26,313.99,438,21,2,14.95,4.79,9.52
CAM_50344,SKU_SHOES_9083792752856,2025-12-25,321.26,448,22,2,14.6,4.91,9.09
CAM_50344,SKU_SHOES_9083792752856,2025-12-24,486.79,679,33,3,14.75,4.86,9.09
CAM_50344,SKU_SHOES_9083792752856,2025-12-23,345.66,482,23,2,15.03,4.77,8.7
CAM_50344,SKU_SHOES_9083792752856,2025-12-22,342.24,477,23,2,14.88,4.82,8.7
CAM_50344,SKU_SHOES_9083792752856,2025-12-21,515.0,718,35,3,14.71,4.87,8.57
CAM_50344,SKU_SHOES_9083792752856,2025-12-20,413.1,576,28,2,14.75,4.86,7.14
CAM_50344,SKU_SHOES_9083792752856,2025-12-19,457.15,637,31,3,14.75,4.87,9.68
CAM_50344,SKU_SHOES_9083792752856,2025-12-18,343.77,479,23,2,14.95,4.8,8.7
CAM_50344,SKU_SHOES_9083792752856,2025-12-17,305.85,426,21,2,14.56,4.93,9.52
CAM_50344,SKU_SHOES_9083792752856,2025-12-16,481.35,671,33,3,14.59,4.92,9.09
CAM_50344,SKU_SHOES_9083792752856,2025-12-15,328.68,458,22,2,14.94,4.8,9.09
CAM_50344,SKU_SHOES_9083792752856,2025-12-14,498.0,694,34,3,14.65,4.9,8.82
CAM_50344,SKU_SHOES_9083792752856,2025-12-13,281.09,392,19,1,14.79,4.85,5.26
CAM_50344,SKU_SHOES_9083792752856,2025-12-12,315.33,440,21,2,15.02,4.77,9.52
CAM_50344,SKU_SHOES_9083792752856,2025-12-11,407.37,568,27,2,15.09,4.75,7.41
CAM_50344,SKU_SHOES_9083792752856,2025-12-10,353.3,493,24,2,14.72,4.87,8.33
CAM_50344,SKU_SHOES_9083792752856,2025-12-09,368.14,513,25,2,14.73,4.87,8.0
CAM_50344,SKU_SHOES_9083792752856,2025-12-08,307.83,429,21,2,14.66,4.9,9.52
CAM_50344,SKU_SHOES_9083792752856,2025-12-07,433.74,605,29,2,14.96,4.79,6.9
CAM_50344,SKU_SHOES_9083792752856,2025-12-06,363.62,507,24,2,15.15,4.73,8.33
CAM_50344,SKU_SHOES_9083792752856,2025-12-05,328.13,457,22,2,14.92,4.81,9.09
CAM_50344,SKU_SHOES_9083792752856,2025-12-04,433.76,605,29,2,14.96,4.79,6.9
CAM_50344,SKU_SHOES_9083792752856,2025-12-03,434.42,606,29,2,14.98,4.79,6.9
CAM_50344,SKU_SHOES_9083792752856,2025-12-02,333.74,465,22,2,15.17,4.73,9.09
CAM_50344,SKU_SHOES_9083792752856,2025-12-01,397.78,555,27,2,14.73,4.86,7.41
CAM_50344,SKU_SHOES_9083792752856,2025-11-30,438.23,611,30,2,14.61,4.91,6.67
CAM_50344,SKU_SHOES_9083792752856,2025-11-29,463.11,646,31,3,14.94,4.8,9.68
CAM_88031,SKU_SHOES_9083792752856,2025-12-28,342.24,7603,81,1,4.23,1.07,1.23
CAM_88031,SKU_SHOES_9083792752856,2025-12-27,240.51,5343,57,1,4.22,1.07,1.75
CAM_88031,SKU_SHOES_9083792752856,2025-12-26,265.91,5908,63,1,4.22,1.07,1.59
CAM_88031,SKU_SHOES_9083792752856,2025-12-25,324.45,7208,76,1,4.27,1.05,1.32
CAM_88031,SKU_SHOES_9083792752856,2025-12-24,314.79,6993,74,1,4.25,1.06,1.35
CAM_88031,SKU_SHOES_9083792752856,2025-12-23,330.36,7340,78,1,4.24,1.06,1.28
CAM_88031,SKU_SHOES_9083792752856,2025-12-22,226.02,5021,53,1,4.26,1.06,1.89
CAM_88031,SKU_SHOES_9083792752856,2025-12-21,338.01,7509,80,1,4.23,1.07,1.25
CAM_88031,SKU_SHOES_9083792752856,2025-12-20,353.95,7864,83,1,4.26,1.06,1.2
CAM_88031,SKU_SHOES_9083792752856,2025-12-19,325.01,7221,77,1,4.22,1.07,1.3
CAM_88031,SKU_SHOES_9083792752856,2025-12-18,227.56,5056,53,1,4.29,1.05,1.89
CAM_88031,SKU_SHOES_9083792752856,2025-12-17,343.97,7642,81,1,4.25,1.06,1.23
CAM_88031,SKU_SHOES_9083792752856,2025-12-16,252.69,5614,59,1,4.28,1.05,1.69
CAM_88031,SKU_SHOES_9083792752856,2025-12-15,347.53,7721,82,1,4.24,1.06,1.22
CAM_88031,SKU_SHOES_9083792752856,2025-12-14,383.01,8509,90,2,4.26,1.06,2.22
CAM_88031,SKU_SHOES_9083792752856,2025-12-13,227.76,5060,53,1,4.3,1.05,1.89
CAM_88031,SKU_SHOES_9083792752856,2025-12-12,348.97,7753,82,1,4.26,1.06,1.22
CAM_88031,SKU_SHOES_9083792752856,2025-12-11,284.05,6311,67,1,4.24,1.06,1.49
CAM_88031,SKU_SHOES_9083792752856,2025-12-10,296.19,6580,70,1,4.23,1.06,1.43
CAM_88031,SKU_SHOES_9083792752856,2025-12-09,278.06,6177,65,1,4.28,1.05,1.54
CAM_88031,SKU_SHOES_9083792752856,2025-12-08,198.29,4405,47,1,4.22,1.07,2.13
CAM_88031,SKU_SHOES_9083792752856,2025-12-07,201.26,4471,47,1,4.28,1.05,2.13
CAM_88031,SKU_SHOES_9083792752856,2025-12-06,308.06,6844,73,1,4.22,1.07,1.37
CAM_88031,SKU_SHOES_9083792752856,2025-12-05,251.17,5580,59,1,4.26,1.06,1.69
CAM_88031,SKU_SHOES_9083792752856,2025-12-04,353.23,7848,83,1,4.26,1.06,1.2
CAM_88031,SKU_SHOES_9083792752856,2025-12-03,259.73,5770,61,1,4.26,1.06,1.64
CAM_88031,SKU_SHOES_9083792752856,2025-12-02,307.53,6832,72,1,4.27,1.05,1.39
CAM_88031,SKU_SHOES_9083792752856,2025-12-01,210.85,4684,49,1,4.3,1.05,2.04
CAM_88031,SKU_SHOES_9083792752856,2025-11-30,205.59,4567,48,1,4.28,1.05,2.08
CAM_88031,SKU_SHOES_9083792752856,2025-11-29,325.83,7239,77,1,4.23,1.06,1.3
CAM_80561,SKU_SHOES_9083792785624,2025-12-28,778.87,5597,165,1,4.72,2.95,0.61
CAM_80561,SKU_SHOES_9083792785624,2025-12-27,614.67,4417,130,1,4.73,2.94,0.77
CAM_80561,SKU_SHOES_9083792785624,2025-12-26,624.88,4491,132,1,4.73,2.94,0.76
CAM_80561,SKU_SHOES_9083792785624,2025-12-25,455.64,3274,96,1,4.75,2.93,1.04
CAM_80561,SKU_SHOES_9083792785624,2025-12-24,605.32,4350,128,1,4.73,2.94,0.78
CAM_80561,SKU_SHOES_9083792785624,2025-12-23,722.18,5190,153,1,4.72,2.95,0.65
CAM_80561,SKU_SHOES_9083792785624,2025-12-22,476.82,3426,101,1,4.72,2.95,0.99
CAM_80561,SKU_SHOES_9083792785624,2025-12-21,677.88,4872,143,1,4.74,2.94,0.7
CAM_80561,SKU_SHOES_9083792785624,2025-12-20,626.14,4500,132,1,4.74,2.93,0.76
CAM_80561,SKU_SHOES_9083792785624,2025-12-19,806.75,5798,171,1,4.72,2.95,0.58
CAM_80561,SKU_SHOES_9083792785624,2025-12-18,688.46,4948,146,1,4.72,2.95,0.68
CAM_80561,SKU_SHOES_9083792785624,2025-12-17,810.77,5827,171,1,4.74,2.93,0.58
CAM_80561,SKU_SHOES_9083792785624,2025-12-16,578.96,4161,122,1,4.75,2.93,0.82
CAM_80561,SKU_SHOES_9083792785624,2025-12-15,625.7,4497,132,1,4.74,2.94,0.76
CAM_80561,SKU_SHOES_9083792785624,2025-12-14,975.58,7011,206,2,4.74,2.94,0.97
CAM_80561,SKU_SHOES_9083792785624,2025-12-13,584.99,4204,124,1,4.72,2.95,0.81
CAM_80561,SKU_SHOES_9083792785624,2025-12-12,696.86,5008,147,1,4.74,2.94,0.68
CAM_80561,SKU_SHOES_9083792785624,2025-12-11,495.23,3559,105,1,4.72,2.95,0.95
CAM_80561,SKU_SHOES_9083792785624,2025-12-10,692.53,4977,146,1,4.74,2.93,0.68
CAM_80561,SKU_SHOES_9083792785624,2025-12-09,619.23,4450,131,1,4.73,2.94,0.76
CAM_80561,SKU_SHOES_9083792785624,2025-12-08,580.24,4170,123,1,4.72,2.95,0.81
CAM_80561,SKU_SHOES_9083792785624,2025-12-07,748.23,5377,158,1,4.74,2.94,0.63
CAM_80561,SKU_SHOES_9083792785624,2025-12-06,635.22,4565,134,1,4.74,2.94,0.75
CAM_80561,SKU_SHOES_9083792785624,2025-12-05,779.07,5599,165,1,4.72,2.95,0.61
CAM_80561,SKU_SHOES_9083792785624,2025-12-04,788.33,5665,167,1,4.72,2.95,0.6
CAM_80561,SKU_SHOES_9083792785624,2025-12-03,809.35,5816,171,1,4.73,2.94,0.58
CAM_80561,SKU_SHOES_9083792785624,2025-12-02,557.97,4010,118,1,4.73,2.94,0.85
CAM_80561,SKU_SHOES_9083792785624,2025-12-01,610.12,4385,129,1,4.73,2.94,0.78
CAM_80561,SKU_SHOES_9083792785624,2025-11-30,569.74,4094,120,1,4.75,2.93,0.83
CAM_80561,SKU_SHOES_9083792785624,2025-11-29,697.96,5016,148,1,4.72,2.95,0.68
CAM_63511,SKU_SHOES_9083792785624,2025-12-28,474.37,846,45,2,10.54,5.32,4.44
CAM_63511,SKU_SHOES_9083792785624,2025-12-27,370.8,661,35,1,10.59,5.3,2.86
CAM_63511,SKU_SHOES_9083792785624,2025-12-26,373.3,665,35,1,10.67,5.26,2.86
CAM_63511,SKU_SHOES_9083792785624,2025-12-25,435.36,776,41,2,10.62,5.28,4.88
CAM_63511,SKU_SHOES_9083792785624,2025-12-24,317.16,565,30,1,10.57,5.31,3.33
CAM_63511,SKU_SHOES_9083792785624,2025-12-23,334.95,597,32,1,10.47,5.36,3.12
CAM_63511,SKU_SHOES_9083792785624,2025-12-22,374.83,668,35,1,10.71,5.24,2.86
CAM_63511,SKU_SHOES_9083792785624,2025-12-21,298.21,531,28,1,10.65,5.27,3.57
CAM_63511,SKU_SHOES_9083792785624,2025-12-20,344.31,614,33,1,10.43,5.37,3.03
CAM_63511,SKU_SHOES_9083792785624,2025-12-19,454.56,810,43,2,10.57,5.31,4.65
CAM_63511,SKU_SHOES_9083792785624,2025-12-18,369.61,659,35,1,10.56,5.31,2.86
CAM_63511,SKU_SHOES_9083792785624,2025-12-17,338.98,604,32,1,10.59,5.3,3.12
CAM_63511,SKU_SHOES_9083792785624,2025-12-16,404.46,721,38,1,10.64,5.27,2.63
CAM_63511,SKU_SHOES_9083792785624,2025-12-15,469.39,837,45,2,10.43,5.38,4.44
CAM_63511,SKU_SHOES_9083792785624,2025-12-14,456.06,813,43,2,10.61,5.29,4.65
CAM_63511,SKU_SHOES_9083792785624,2025-12-13,453.0,807,43,2,10.53,5.33,4.65
CAM_63511,SKU_SHOES_9083792785624,2025-12-12,477.34,851,45,2,10.61,5.29,4.44
CAM_63511,SKU_SHOES_9083792785624,2025-12-11,307.35,548,29,1,10.6,5.29,3.45
CAM_63511,SKU_SHOES_9083792785624,2025-12-10,408.39,728,39,1,10.47,5.36,2.56
CAM_63511,SKU_SHOES_9083792785624,2025-12-09,294.91,525,28,1,10.53,5.33,3.57
CAM_63511,SKU_SHOES_9083792785624,2025-12-08,304.05,542,29,1,10.48,5.35,3.45
CAM_63511,SKU_SHOES_9083792785624,2025-12-07,444.15,792,42,2,10.57,5.3,4.76
CAM_63511,SKU_SHOES_9083792785624,2025-12-06,512.0,913,49,2,10.45,5.37,4.08
CAM_63511,SKU_SHOES_9083792785624,2025-12-05,417.35,744,40,2,10.43,5.38,5.0
CAM_63511,SKU_SHOES_9083792785624,2025-12-04,383.2,683,36,1,10.64,5.27,2.78
CAM_63511,SKU_SHOES_9083792785624,2025-12-03,427.37,762,41,2,10.42,5.38,4.88
CAM_63511,SKU_SHOES_9083792785624,2025-12-02,361.23,644,34,1,10.62,5.28,2.94
CAM_63511,SKU_SHOES_9083792785624,2025-12-01,438.48,782,42,2,10.44,5.37,4.76
CAM_63511,SKU_SHOES_9083792785624,2025-11-30,416.42,742,39,2,10.68,5.26,5.13
CAM_63511,SKU_SHOES_9083792785624,2025-11-29,397.91,709,38,1,10.47,5.36,2.63
CAM_66945,SKU_SHOES_9083792654552,2025-12-28,195.4,776,28,1,6.98,3.61,3.57
CAM_66945,SKU_SHOES_9083792654552,2025-12-27,186.22,739,27,1,6.9,3.65,3.7
CAM_66945,SKU_SHOES_9083792654552,2025-12-26,181.63,721,26,1,6.99,3.61,3.85
CAM_66945,SKU_SHOES_9083792654552,2025-12-25,225.97,897,33,1,6.85,3.68,3.03
CAM_66945,SKU_SHOES_9083792654552,2025-12-24,142.47,565,20,0,7.12,3.54,0.0
CAM_66945,SKU_SHOES_9083792654552,2025-12-23,188.92,750,27,1,7.0,3.6,3.7
CAM_66945,SKU_SHOES_9083792654552,2025-12-22,157.02,623,23,0,6.83,3.69,0.0
CAM_66945,SKU_SHOES_9083792654552,2025-12-21,261.45,1038,38,1,6.88,3.66,2.63
CAM_66945,SKU_SHOES_9083792654552,2025-12-20,184.82,734,27,1,6.85,3.68,3.7
CAM_66945,SKU_SHOES_9083792654552,2025-12-19,258.16,1025,37,1,6.98,3.61,2.7
CAM_66945,SKU_SHOES_9083792654552,2025-12-18,178.07,707,26,1,6.85,3.68,3.85
CAM_66945,SKU_SHOES_9083792654552,2025-12-17,160.4,637,23,0,6.97,3.61,0.0
CAM_66945,SKU_SHOES_9083792654552,2025-12-16,220.67,876,32,1,6.9,3.65,3.12
CAM_66945,SKU_SHOES_9083792654552,2025-12-15,244.73,972,35,1,6.99,3.6,2.86
CAM_66945,SKU_SHOES_9083792654552,2025-12-14,253.13,1005,37,1,6.84,3.68,2.7
CAM_66945,SKU_SHOES_9083792654552,2025-12-13,171.73,682,25,1,6.87,3.67,4.0
CAM_66945,SKU_SHOES_9083792654552,2025-12-12,150.59,598,22,0,6.84,3.68,0.0
CAM_66945,SKU_SHOES_9083792654552,2025-12-11,143.68,570,21,0,6.84,3.68,0.0
CAM_66945,SKU_SHOES_9083792654552,2025-12-10,215.87,857,31,1,6.96,3.62,3.23
CAM_66945,SKU_SHOES_9083792654552,2025-12-09,185.81,738,27,1,6.88,3.66,3.7
CAM_66945,SKU_SHOES_9083792654552,2025-12-08,252.09,1001,37,1,6.81,3.7,2.7
CAM_66945,SKU_SHOES_9083792654552,2025-12-07,173.18,687,25,1,6.93,3.64,4.0
CAM_66945,SKU_SHOES_9083792654552,2025-12-06,158.63,630,23,0,6.9,3.65,0.0
CAM_66945,SKU_SHOES_9083792654552,2025-12-05,204.4,811,30,1,6.81,3.7,3.33
CAM_66945,SKU_SHOES_9083792654552,2025-12-04,162.07,643,23,0,7.05,3.58,0.0
CAM_66945,SKU_SHOES_9083792654552,2025-12-03,246.43,978,36,1,6.85,3.68,2.78
CAM_66945,SKU_SHOES_9083792654552,2025-12-02,156.99,623,23,0,6.83,3.69,0.0
CAM_66945,SKU_SHOES_9083792654552,2025-12-01,253.25,1005,37,1,6.84,3.68,2.7
CAM_66945,SKU_SHOES_9083792654552,2025-11-30,238.18,946,35,1,6.81,3.7,2.86
CAM_66945,SKU_SHOES_9083792654552,2025-11-29,262.62,1043,38,1,6.91,3.64,2.63
CAM_87134,SKU_SHOES_9083792687320,2025-12-28,749.81,6585,153,3,4.9,2.32,1.96
CAM_87134,SKU_SHOES_9083792687320,2025-12-27,639.28,5614,131,3,4.88,2.33,2.29
CAM_87134,SKU_SHOES_9083792687320,2025-12-26,732.67,6434,150,3,4.88,2.33,2.0
CAM_87134,SKU_SHOES_9083792687320,2025-12-25,494.14,4339,101,2,4.89,2.33,1.98
CAM_87134,SKU_SHOES_9083792687320,2025-12-24,645.53,5669,132,3,4.89,2.33,2.27
CAM_87134,SKU_SHOES_9083792687320,2025-12-23,636.8,5592,130,2,4.9,2.32,1.54
CAM_87134,SKU_SHOES_9083792687320,2025-12-22,554.07,4865,113,2,4.9,2.32,1.77
CAM_87134,SKU_SHOES_9083792687320,2025-12-21,536.28,4709,110,2,4.88,2.34,1.82
CAM_87134,SKU_SHOES_9083792687320,2025-12-20,738.0,6481,151,3,4.89,2.33,1.99
CAM_87134,SKU_SHOES_9083792687320,2025-12-19,544.26,4779,111,2,4.9,2.32,1.8
CAM_87134,SKU_SHOES_9083792687320,2025-12-18,673.0,5910,138,3,4.88,2.34,2.17
CAM_87134,SKU_SHOES_9083792687320,2025-12-17,516.32,4534,105,2,4.92,2.32,1.9
CAM_87134,SKU_SHOES_9083792687320,2025-12-16,545.04,4786,111,2,4.91,2.32,1.8
CAM_87134,SKU_SHOES_9083792687320,2025-12-15,538.18,4726,110,2,4.89,2.33,1.82
CAM_87134,SKU_SHOES_9083792687320,2025-12-14,716.67,6293,147,3,4.88,2.34,2.04
CAM_87134,SKU_SHOES_9083792687320,2025-12-13,558.07,4901,114,2,4.9,2.33,1.75
CAM_87134,SKU_SHOES_9083792687320,2025-12-12,611.71,5372,125,2,4.89,2.33,1.6
CAM_87134,SKU_SHOES_9083792687320,2025-12-11,446.02,3917,91,2,4.9,2.32,2.2
CAM_87134,SKU_SHOES_9083792687320,2025-12-10,554.3,4867,113,2,4.91,2.32,1.77
CAM_87134,SKU_SHOES_9083792687320,2025-12-09,510.89,4486,104,2,4.91,2.32,1.92
CAM_87134,SKU_SHOES_9083792687320,2025-12-08,443.51,3894,90,2,4.93,2.31,2.22
CAM_87134,SKU_SHOES_9083792687320,2025-12-07,578.71,5082,118,2,4.9,2.32,1.69
CAM_87134,SKU_SHOES_9083792687320,2025-12-06,710.41,6238,145,3,4.9,2.32,2.07
CAM_87134,SKU_SHOES_9083792687320,2025-12-05,590.0,5181,121,2,4.88,2.34,1.65
CAM_87134,SKU_SHOES_9083792687320,2025-12-04,568.1,4989,116,2,4.9,2.33,1.72
CAM_87134,SKU_SHOES_9083792687320,2025-12-03,605.9,5321,124,2,4.89,2.33,1.61
CAM_87134,SKU_SHOES_9083792687320,2025-12-02,711.28,6246,145,3,4.91,2.32,2.07
CAM_87134,SKU_SHOES_9083792687320,2025-12-01,546.85,4802,112,2,4.88,2.33,1.79
CAM_87134,SKU_SHOES_9083792687320,2025-11-30,824.34,7239,169,3,4.88,2.33,1.78
CAM_87134,SKU_SHOES_9083792687320,2025-11-29,587.0,5155,120,2,4.89,2.33,1.67
